Workbook

Sheet Datenauswahl
A1: Variable | B1: Wert | C1: lower bound | D1: upper bound
A2: capex_pem | B2: 1000 | C2: =$B2*Grenzen!A$2 -> 800 | D2: =$B2*Grenzen!B$2 -> 1200
A3: capex_hb | B3: 9070 | C3: =$B3*Grenzen!A$2 -> 7256 | D3: =$B3*Grenzen!B$2 -> 10884
A4: capex_asu | B4: 1990 | C4: =$B4*Grenzen!A$2 -> 1592 | D4: =$B4*Grenzen!B$2 -> 2388
A5: capex_h2s | B5: 490 | C5: =$B5*Grenzen!A$2 -> 392 | D5: =$B5*Grenzen!B$2 -> 588
A6: capex_bat_leistung | B6: =B7*4 -> 424 | C6: =$B6*Grenzen!A$2 -> 339.2 | D6: =$B6*Grenzen!B$2 -> 508.8
A7: capex_bat_kapa | B7: 106 | C7: =$B7*Grenzen!A$2 -> 84.8 | D7: =$B7*Grenzen!B$2 -> 127.2
A8: capex_pv | B8: 1100 | C8: =$B8*Grenzen!A$2 -> 880 | D8: =$B8*Grenzen!B$2 -> 1320
A9: capex_wkaon | B9: 1080 | C9: =$B9*Grenzen!A$2 -> 864 | D9: =$B9*Grenzen!B$2 -> 1296
A10: wasserstofferloes | B10: -1.5 | C10: =$B10*Grenzen!B$2 -> -1.8 | D10: =$B10*Grenzen!A$2 -> -1.2
A11: ammoniakerloes | B11: -0.8 | C11: =$B11*Grenzen!B$2 -> -0.96 | D11: =$B11*Grenzen!A$2 -> -0.64

Sheet MonteCarlo
A1: Prozess | B1: Variable | C1: Einheit
A3: Inputs | B3: capex_pem | C3: €/kW_el
B4: capex_hb | C4: €/kg_NH3 *h
B5: capex_asu | C5: €/kg_N2 *h
B6: capex_h2s | C6: €/kg_H2 * h
B7: capex_bat_leistung | C7: €/kW
B8: capex_bat_kapa | C8: €/kWh
B9: capex_pv | C9: €/kW
B10: capex_wkaon | C10: €/kW
B11: wasserstofferloes | C11: €/kg_H2
B12: ammoniakerloes | C12: €/kg_NH3
A14: Outputs | B14: calc_lcoe_wka | C14: ct/kWh
B15: calc_lcoe_pv | C15: ct/kWh
B16: calc_lcoe_bat | C16: ct/kWh Speichermenge
B17: calc_lcoe_mix | C17: ct/kWh
B18: calc_lcoh_h2s | C18: €/kg Speichermenge
B19: calc_lcoh_pem | C19: €/kg
B20: calc_lcoh_h2 | C20: €/kg
B21: calc_lcon_asu | C21: €/kg
B22: calc_lcof_hb | C22: €/t
B23: calc_GuV | C23: €/a

Sheet Grenzen
A1: lower bound [%] | B1: upper bound [%]
A2: 0.8 | B2: 1.2
